URL,Status Code
/,200
/aviso-legal-grmy-esp,200
/aw_rewardpoints/info/,200
/black-week-early-access-24,200
/blog,200
/blog/category/collabs,200
/blog/category/events,200
/blog/category/seassons,200
/blog/post/chirie-vegas-x-grimey,200
/blog/post/fall-winter-24,200
/blog/post/grimey-paris-fashion-week,200
/blog/post/grimey-x-palestina-iii,200
/blog/post/grimey-x-palestina-iv,200
/blog/post/grimey-x-palestina-iv-recap,200
/blog/post/grimey-x-palestina-recap,200
/blog/post/grimey-x-palestina-v,200
/blog/post/grmy-fall-21,200
/blog/post/grmy-fall-22,200
/blog/post/grmy-fall-winter-2020,200
/blog/post/grmy-fall-winter-23-2-2,200
/blog/post/grmy-fall-winter-23-madrid,200
/blog/post/grmy-fall-winter-23-primera-parte,200
/blog/post/grmy-space-hammu,200
/blog/post/grmy-spring-21,200
/blog/post/grmy-spring-22,200
/blog/post/grmy-spring-23,200
/blog/post/grmy-spring-summer-20,200
/blog/post/grmy-summer-21,200
/blog/post/grmy-summer-22,200
/blog/post/grmy-winter-21,200
/blog/post/grmy-winter-22,200
/blog/post/grmy-x-cecilio-g-esp,200
/blog/post/grmy-x-cherry-massia-esp,200
/blog/post/grmy-x-gzuz-esp,200
/blog/post/grmy-x-shirt-king-phade-esp,200
/blog/post/grmy-x-waor-esp,200
/blog/post/lega-x-grimey,200
/blog/post/nautica-x-grimey-es,200
/blog/post/oscar-jaenada-x-grimey-coleccion,200
/blog/post/paris-fashion-week-recap,200
/blog/post/snipes-x-grmy,200
/blog/post/spring-summer-24,200
/cambios-devoluciones,200
/catalog/category/view/id/956,200
